{
  "strategy": "llm",
  "平均累计评价": -16.393065822780137,
  "任务序列数": 5,
  "决策步数": 600,
  "use_llm": true,
  "window": 5,
  "k": 5,
  "waiting_penalty": 3.0,
  "idle_penalty": 1.0,
  "reward_scale": 100.0,
  "平均单步评价": -0.1366088818565011,
  "平均请求保障率": 0.9273467425854581,
  "平均资源冗余率": 0.8007128710705402,
  "平均资源缓存量": 2.846753009657065,
  "method_label": "ICL少样本缓存决策（主方法）"
}